title,company,location,link
Infra사업본부 Bigdata 프로젝트 개발자 件,SK 네트웍스서비스,경기도,https://kr.indeed.com/%EC%B1%84%EC%9A%A9%EB%B3%B4%EA%B8%B0?jk=2cff377c899798fc
"[Legacy Versum] QA Engineer, 평택",Merck KGaA,경기도,https://kr.indeed.com/%EC%B1%84%EC%9A%A9%EB%B3%B4%EA%B8%B0?jk=f46fc1d52116909a
Legacy Versum [리가시 버슘] Automation Engineer 평택,Merck KGaA,경기도,https://kr.indeed.com/%EC%B1%84%EC%9A%A9%EB%B3%B4%EA%B8%B0?jk=03fa253ba96ac599
[국내 대기업/ IT / 게임회사] 크래시 수집 위한 클라이언트 프로그래머,글로벌터치코리아,경기도,https://kr.indeed.com/%EC%B1%84%EC%9A%A9%EB%B3%B4%EA%B8%B0?jk=693ccbc3ab799a93
"백엔드 개발 및 프로비저닝, 제품 구축(AI/빅데이터/VDI/클라우드)",피엔씨서치,경기도,https://kr.indeed.com/%EC%B1%84%EC%9A%A9%EB%B3%B4%EA%B8%B0?jk=ecee6ee5514b009e
얼굴모션 캡처기술 인공지능(AI) 연구개발 전문기업,인공지능(AI) 연구개발 전문기업,경기도,https://kr.indeed.com/%EC%B1%84%EC%9A%A9%EB%B3%B4%EA%B8%B0?jk=4fa50f2ffd370bae
Sr Field Engineer I,Raytheon Intelligence & Space,경기도,https://kr.indeed.com/%EC%B1%84%EC%9A%A9%EB%B3%B4%EA%B8%B0?jk=856eb0b587603389
바디모션 캡처기술 인공지능(AI) 연구개발 전문기업,인공지능(AI) 연구개발 전문기업,경기도,https://kr.indeed.com/%EC%B1%84%EC%9A%A9%EB%B3%B4%EA%B8%B0?jk=8925ce6bab9d00d6
Lead Product Engineer - Liberate,Cadence Design Systems,경기도,https://kr.indeed.com/%EC%B1%84%EC%9A%A9%EB%B3%B4%EA%B8%B0?jk=ffac42e32db26233
[TmaxAI/기술] 기술지원 엔지니어,티맥스소프트,성남 분당구,https://kr.indeed.com/%EC%B1%84%EC%9A%A9%EB%B3%B4%EA%B8%B0?jk=2a8e6fae00c17acc
NAVER IDC 서버 운영/관리(평촌),NIT Service,안양 동안구,https://kr.indeed.com/%EC%B1%84%EC%9A%A9%EB%B3%B4%EA%B8%B0?jk=097c35ed002a62e5
"JAVA, Python 외 신입/경력 정규직, 계약직",여니,경기도 의왕,https://kr.indeed.com/%EC%B1%84%EC%9A%A9%EB%B3%B4%EA%B8%B0?jk=3faad1cd7ea60ffd
데이터 분석가,카카오,성남 판교역,https://kr.indeed.com/%EC%B1%84%EC%9A%A9%EB%B3%B4%EA%B8%B0?jk=092d062a6faa7139
정보보안 담당자,Nexon,성남 분당구,https://kr.indeed.com/%EC%B1%84%EC%9A%A9%EB%B3%B4%EA%B8%B0?jk=eeb9fe1c361f0758
"Counter Intelligence and HUMINT Operations Analyst, Mid",Booz Allen Hamilton,경기도 평택,https://kr.indeed.com/%EC%B1%84%EC%9A%A9%EB%B3%B4%EA%B8%B0?jk=c3d7487ed86d9cbe
보험 신규사업 비즈니스 분야 담당자 영입,카카오페이,성남 분당구,https://kr.indeed.com/%EC%B1%84%EC%9A%A9%EB%B3%B4%EA%B8%B0?jk=e30f23f4f814b717
연구소 개발부문 연구원 직원 (회로설계/하드웨어설계/머신비전/이미지프로세싱),모든,경기도 광명,https://kr.indeed.com/%EC%B1%84%EC%9A%A9%EB%B3%B4%EA%B8%B0?jk=f9708bb999003b5f
Launcher팀 소프트웨어 엔지니어,Nexon,성남 분당구,https://kr.indeed.com/%EC%B1%84%EC%9A%A9%EB%B3%B4%EA%B8%B0?jk=d71794dc69947981
2020년 수시 머신러닝(S/W) (8월17일 마감),에스에프에이,경기도 화성,https://kr.indeed.com/%EC%B1%84%EC%9A%A9%EB%B3%B4%EA%B8%B0?jk=7acf56f46a29347d
분석지원팀 - 데이터 분석가,Nexon,성남 분당구,https://kr.indeed.com/%EC%B1%84%EC%9A%A9%EB%B3%B4%EA%B8%B0?jk=4233609a843b5e96
"NAVER, LINE 서비스 플랫폼 운영",엔아이티서비스,성남 분당구,https://kr.indeed.com/%EC%B1%84%EC%9A%A9%EB%B3%B4%EA%B8%B0?jk=ae4fe13ef3b2fcb6
추천 통계분석/데이터사이언티스트,카카오,성남 판교역,https://kr.indeed.com/%EC%B1%84%EC%9A%A9%EB%B3%B4%EA%B8%B0?jk=bfe0f5ac4f32ec89
[빅데이터분석] 데이터 엔지니어,한국카카오은행,성남 분당구,https://kr.indeed.com/%EC%B1%84%EC%9A%A9%EB%B3%B4%EA%B8%B0?jk=5eb3b5ea1be144c1
[정보보안] 보안분석 플랫폼 개발 및 운영 담당자,한국카카오은행,성남 분당구,https://kr.indeed.com/%EC%B1%84%EC%9A%A9%EB%B3%B4%EA%B8%B0?jk=ee96214cbdb0310f
Field Data Scientist,Success Korea,경기도,https://kr.indeed.com/%EC%B1%84%EC%9A%A9%EB%B3%B4%EA%B8%B0?jk=2892c67308e87f01
Senior Field Service Engineer,Huntington Ingalls Industries Inc.,경기도 평택,https://kr.indeed.com/%EC%B1%84%EC%9A%A9%EB%B3%B4%EA%B8%B0?jk=d5be40de21d8637a
광고팀 - 분석가,Nexon,성남 분당구,https://kr.indeed.com/%EC%B1%84%EC%9A%A9%EB%B3%B4%EA%B8%B0?jk=3a08c7089343733d
추천 시스템 소프트웨어 엔지니어,카카오,성남 판교역,https://kr.indeed.com/%EC%B1%84%EC%9A%A9%EB%B3%B4%EA%B8%B0?jk=07375dc4e800dfa9
MongoDB Engineer,카카오,성남 판교역,https://kr.indeed.com/%EC%B1%84%EC%9A%A9%EB%B3%B4%EA%B8%B0?jk=2695294aea6dc3b6
빅데이터 분석 기술인력,한국정보기술단,과천 과천시,https://kr.indeed.com/%EC%B1%84%EC%9A%A9%EB%B3%B4%EA%B8%B0?jk=3cc384be4fd74af2
카카오톡 보이스톡/페이스톡/라이브톡 개발자,카카오,성남 판교역,https://kr.indeed.com/%EC%B1%84%EC%9A%A9%EB%B3%B4%EA%B8%B0?jk=d585814d097935eb
분석실 - 베이지안 분석 전문가,Nexon,성남 분당구,https://kr.indeed.com/%EC%B1%84%EC%9A%A9%EB%B3%B4%EA%B8%B0?jk=19b44e0d17d112e2
"Counter Intelligence and HUMINT Operations Analyst, Senior",Booz Allen Hamilton,경기도 평택,https://kr.indeed.com/%EC%B1%84%EC%9A%A9%EB%B3%B4%EA%B8%B0?jk=1d1a37aff94c12d7
콘텐츠서비스개발팀 - 데이터분석가,Nexon,성남 분당구,https://kr.indeed.com/%EC%B1%84%EC%9A%A9%EB%B3%B4%EA%B8%B0?jk=b35da47f5e84c9b4
데스크탑 가상화(VDI) 엔지니어,카카오,성남 판교역,https://kr.indeed.com/%EC%B1%84%EC%9A%A9%EB%B3%B4%EA%B8%B0?jk=530a598184580c95
TOAST CAM 임베디드 개발,NHN,성남 판교역,https://kr.indeed.com/%EC%B1%84%EC%9A%A9%EB%B3%B4%EA%B8%B0?jk=1a75ce748c5f24e9
매칭팀 - 데이터분석가,Nexon,성남 분당구,https://kr.indeed.com/%EC%B1%84%EC%9A%A9%EB%B3%B4%EA%B8%B0?jk=48090bdf1303bd76
유저프로파일팀 - 데이터 모델러,Nexon,성남 분당구,https://kr.indeed.com/%EC%B1%84%EC%9A%A9%EB%B3%B4%EA%B8%B0?jk=8dfc9993e2aa9160
신입 펌웨어 개발자,와이제이테크놀로지,경기도 화성,https://kr.indeed.com/%EC%B1%84%EC%9A%A9%EB%B3%B4%EA%B8%B0?jk=87a30e8ffe892875
챗봇 플랫폼 개발자,카카오,성남 판교역,https://kr.indeed.com/%EC%B1%84%EC%9A%A9%EB%B3%B4%EA%B8%B0?jk=20d40ee61adffeca
추천 시스템 연구/개발,카카오,성남 판교역,https://kr.indeed.com/%EC%B1%84%EC%9A%A9%EB%B3%B4%EA%B8%B0?jk=be6c1f03fa566f8e
카카오 네트워크 엔지니어,카카오,성남 판교역,https://kr.indeed.com/%EC%B1%84%EC%9A%A9%EB%B3%B4%EA%B8%B0?jk=f281c810daf0e10d
Linux/Python/PHP/MySQL/백엔드 정규직 경력,일루미나리안,용인 보정동,https://kr.indeed.com/%EC%B1%84%EC%9A%A9%EB%B3%B4%EA%B8%B0?jk=04d685fc70b67d4e
[TmaxData/기술] DBMS 제품 QA 신입 및 경력,티맥스소프트,성남 분당구,https://kr.indeed.com/%EC%B1%84%EC%9A%A9%EB%B3%B4%EA%B8%B0?jk=776e6326f5ed1142
채팅모듈 개발자,Nexon,성남 분당구,https://kr.indeed.com/%EC%B1%84%EC%9A%A9%EB%B3%B4%EA%B8%B0?jk=3b752abecf619fe5
Developers,Coinplug,경기도 성남,https://kr.indeed.com/%EC%B1%84%EC%9A%A9%EB%B3%B4%EA%B8%B0?jk=9a9e91ae6092ed2d
"백엔드, 프론트엔드,웹 디자인 외 신입/경력 정규직",비엣메이트,성남 수정구,https://kr.indeed.com/%EC%B1%84%EC%9A%A9%EB%B3%B4%EA%B8%B0?jk=91c738c9999df69a
[GC녹십자지놈]BI팀 팀원,녹십자지놈,용인 기흥구,https://kr.indeed.com/%EC%B1%84%EC%9A%A9%EB%B3%B4%EA%B8%B0?jk=0a537d661b222bf7
[기술플랫폼실] 정보보호 담당자 영입,카카오페이,성남 분당구,https://kr.indeed.com/%EC%B1%84%EC%9A%A9%EB%B3%B4%EA%B8%B0?jk=6e9819bc1b7015c9
"NAVER, LINE 서비스 플랫폼 운영",NIT Service,성남 삼평동,https://kr.indeed.com/%EC%B1%84%EC%9A%A9%EB%B3%B4%EA%B8%B0?jk=285996f91e76a862
보험 신규사업 비즈니스 분야 담당자 영입,카카오페이,성남 분당구,https://kr.indeed.com/%EC%B1%84%EC%9A%A9%EB%B3%B4%EA%B8%B0?jk=e30f23f4f814b717
연구소 개발부문 연구원 직원 (회로설계/하드웨어설계/머신비전/이미지프로세싱),모든,경기도 광명,https://kr.indeed.com/%EC%B1%84%EC%9A%A9%EB%B3%B4%EA%B8%B0?jk=f9708bb999003b5f
Launcher팀 소프트웨어 엔지니어,Nexon,성남 분당구,https://kr.indeed.com/%EC%B1%84%EC%9A%A9%EB%B3%B4%EA%B8%B0?jk=d71794dc69947981
2020년 수시 머신러닝(S/W) (8월17일 마감),에스에프에이,경기도 화성,https://kr.indeed.com/%EC%B1%84%EC%9A%A9%EB%B3%B4%EA%B8%B0?jk=7acf56f46a29347d
분석지원팀 - 데이터 분석가,Nexon,성남 분당구,https://kr.indeed.com/%EC%B1%84%EC%9A%A9%EB%B3%B4%EA%B8%B0?jk=4233609a843b5e96
"NAVER, LINE 서비스 플랫폼 운영",엔아이티서비스,성남 분당구,https://kr.indeed.com/%EC%B1%84%EC%9A%A9%EB%B3%B4%EA%B8%B0?jk=ae4fe13ef3b2fcb6
추천 통계분석/데이터사이언티스트,카카오,성남 판교역,https://kr.indeed.com/%EC%B1%84%EC%9A%A9%EB%B3%B4%EA%B8%B0?jk=bfe0f5ac4f32ec89
[빅데이터분석] 데이터 엔지니어,한국카카오은행,성남 분당구,https://kr.indeed.com/%EC%B1%84%EC%9A%A9%EB%B3%B4%EA%B8%B0?jk=5eb3b5ea1be144c1
[정보보안] 보안분석 플랫폼 개발 및 운영 담당자,한국카카오은행,성남 분당구,https://kr.indeed.com/%EC%B1%84%EC%9A%A9%EB%B3%B4%EA%B8%B0?jk=ee96214cbdb0310f
Field Data Scientist,Success Korea,경기도,https://kr.indeed.com/%EC%B1%84%EC%9A%A9%EB%B3%B4%EA%B8%B0?jk=2892c67308e87f01
Senior Field Service Engineer,Huntington Ingalls Industries Inc.,경기도 평택,https://kr.indeed.com/%EC%B1%84%EC%9A%A9%EB%B3%B4%EA%B8%B0?jk=d5be40de21d8637a
광고팀 - 분석가,Nexon,성남 분당구,https://kr.indeed.com/%EC%B1%84%EC%9A%A9%EB%B3%B4%EA%B8%B0?jk=3a08c7089343733d
추천 시스템 소프트웨어 엔지니어,카카오,성남 판교역,https://kr.indeed.com/%EC%B1%84%EC%9A%A9%EB%B3%B4%EA%B8%B0?jk=07375dc4e800dfa9
MongoDB Engineer,카카오,성남 판교역,https://kr.indeed.com/%EC%B1%84%EC%9A%A9%EB%B3%B4%EA%B8%B0?jk=2695294aea6dc3b6
빅데이터 분석 기술인력,한국정보기술단,과천 과천시,https://kr.indeed.com/%EC%B1%84%EC%9A%A9%EB%B3%B4%EA%B8%B0?jk=3cc384be4fd74af2
카카오톡 보이스톡/페이스톡/라이브톡 개발자,카카오,성남 판교역,https://kr.indeed.com/%EC%B1%84%EC%9A%A9%EB%B3%B4%EA%B8%B0?jk=d585814d097935eb
분석실 - 베이지안 분석 전문가,Nexon,성남 분당구,https://kr.indeed.com/%EC%B1%84%EC%9A%A9%EB%B3%B4%EA%B8%B0?jk=19b44e0d17d112e2
"Counter Intelligence and HUMINT Operations Analyst, Senior",Booz Allen Hamilton,경기도 평택,https://kr.indeed.com/%EC%B1%84%EC%9A%A9%EB%B3%B4%EA%B8%B0?jk=1d1a37aff94c12d7
콘텐츠서비스개발팀 - 데이터분석가,Nexon,성남 분당구,https://kr.indeed.com/%EC%B1%84%EC%9A%A9%EB%B3%B4%EA%B8%B0?jk=b35da47f5e84c9b4
데스크탑 가상화(VDI) 엔지니어,카카오,성남 판교역,https://kr.indeed.com/%EC%B1%84%EC%9A%A9%EB%B3%B4%EA%B8%B0?jk=530a598184580c95
TOAST CAM 임베디드 개발,NHN,성남 판교역,https://kr.indeed.com/%EC%B1%84%EC%9A%A9%EB%B3%B4%EA%B8%B0?jk=1a75ce748c5f24e9
매칭팀 - 데이터분석가,Nexon,성남 분당구,https://kr.indeed.com/%EC%B1%84%EC%9A%A9%EB%B3%B4%EA%B8%B0?jk=48090bdf1303bd76
유저프로파일팀 - 데이터 모델러,Nexon,성남 분당구,https://kr.indeed.com/%EC%B1%84%EC%9A%A9%EB%B3%B4%EA%B8%B0?jk=8dfc9993e2aa9160
신입 펌웨어 개발자,와이제이테크놀로지,경기도 화성,https://kr.indeed.com/%EC%B1%84%EC%9A%A9%EB%B3%B4%EA%B8%B0?jk=87a30e8ffe892875
챗봇 플랫폼 개발자,카카오,성남 판교역,https://kr.indeed.com/%EC%B1%84%EC%9A%A9%EB%B3%B4%EA%B8%B0?jk=20d40ee61adffeca
추천 시스템 연구/개발,카카오,성남 판교역,https://kr.indeed.com/%EC%B1%84%EC%9A%A9%EB%B3%B4%EA%B8%B0?jk=be6c1f03fa566f8e
카카오 네트워크 엔지니어,카카오,성남 판교역,https://kr.indeed.com/%EC%B1%84%EC%9A%A9%EB%B3%B4%EA%B8%B0?jk=f281c810daf0e10d
Linux/Python/PHP/MySQL/백엔드 정규직 경력,일루미나리안,용인 보정동,https://kr.indeed.com/%EC%B1%84%EC%9A%A9%EB%B3%B4%EA%B8%B0?jk=04d685fc70b67d4e
[TmaxData/기술] DBMS 제품 QA 신입 및 경력,티맥스소프트,성남 분당구,https://kr.indeed.com/%EC%B1%84%EC%9A%A9%EB%B3%B4%EA%B8%B0?jk=776e6326f5ed1142
채팅모듈 개발자,Nexon,성남 분당구,https://kr.indeed.com/%EC%B1%84%EC%9A%A9%EB%B3%B4%EA%B8%B0?jk=3b752abecf619fe5
모바일 캐쥬얼게임 데이터 분석,Success Korea,성남 분당구,https://kr.indeed.com/%EC%B1%84%EC%9A%A9%EB%B3%B4%EA%B8%B0?jk=c67e69651d93a210
블록체인/이머징 핀테크 사업 보안 엔지니어,Success Korea,성남 분당구,https://kr.indeed.com/%EC%B1%84%EC%9A%A9%EB%B3%B4%EA%B8%B0?jk=8b5d08f5b64e487c
보안 엔지니어,Success Korea,성남 분당구,https://kr.indeed.com/%EC%B1%84%EC%9A%A9%EB%B3%B4%EA%B8%B0?jk=736c75e6528f5bb4
게임서버 개발,Success Korea,성남 분당구,https://kr.indeed.com/%EC%B1%84%EC%9A%A9%EB%B3%B4%EA%B8%B0?jk=18647b6687b43e04
게임 인공지능(AI),Success Korea,성남 분당구,https://kr.indeed.com/%EC%B1%84%EC%9A%A9%EB%B3%B4%EA%B8%B0?jk=eade43a056215708
S/W Engineering Efficiency,Success Korea,성남 분당구,https://kr.indeed.com/%EC%B1%84%EC%9A%A9%EB%B3%B4%EA%B8%B0?jk=18848cd6c6f44fbe
광고플랫폼 Data Scientist,Success Korea,성남 분당구,https://kr.indeed.com/%EC%B1%84%EC%9A%A9%EB%B3%B4%EA%B8%B0?jk=a0b45579980662e5
게임플랫폼 Client 개발,Success Korea,경기도 성남,https://kr.indeed.com/%EC%B1%84%EC%9A%A9%EB%B3%B4%EA%B8%B0?jk=913dea5d207616b9
네트워크 장비 QA 엔지니어,Success Korea,성남 판교역,https://kr.indeed.com/%EC%B1%84%EC%9A%A9%EB%B3%B4%EA%B8%B0?jk=d489908adc2560c8
Infra Platform QA,Success Korea,성남 분당구,https://kr.indeed.com/%EC%B1%84%EC%9A%A9%EB%B3%B4%EA%B8%B0?jk=385f70c5ce9c86ff
전산실 MIS 개발 운영 담당자 채용,Success Korea,성남 판교역,https://kr.indeed.com/%EC%B1%84%EC%9A%A9%EB%B3%B4%EA%B8%B0?jk=e96c0409b4d2b8b5
AD Machine Learning Engine 개발,Success Korea,성남 분당구,https://kr.indeed.com/%EC%B1%84%EC%9A%A9%EB%B3%B4%EA%B8%B0?jk=86a47dc8924f3275
빅데이터수집/처리,Success Korea,경기도 성남,https://kr.indeed.com/%EC%B1%84%EC%9A%A9%EB%B3%B4%EA%B8%B0?jk=d24722707c9aed56
서버개발자,Success Korea,성남 판교역,https://kr.indeed.com/%EC%B1%84%EC%9A%A9%EB%B3%B4%EA%B8%B0?jk=5e6a30865a5ba13e
모바일게임 서버개발자 모집,Success Korea,성남 서현동,https://kr.indeed.com/%EC%B1%84%EC%9A%A9%EB%B3%B4%EA%B8%B0?jk=52b0b1936e8b4732
게임밸런스 (게임 시뮬레이터),Success Korea,성남 분당구,https://kr.indeed.com/%EC%B1%84%EC%9A%A9%EB%B3%B4%EA%B8%B0?jk=9681ee519a4f870e
Platform server 개발자,Success Korea,성남 분당구,https://kr.indeed.com/%EC%B1%84%EC%9A%A9%EB%B3%B4%EA%B8%B0?jk=3da2537c07ea7706
제어 엔지니어,Success Korea,성남 중원구,https://kr.indeed.com/%EC%B1%84%EC%9A%A9%EB%B3%B4%EA%B8%B0?jk=521e6790bfc52607
결제시스템 기술개발 (대리-과장),Success Korea,성남 판교역,https://kr.indeed.com/%EC%B1%84%EC%9A%A9%EB%B3%B4%EA%B8%B0?jk=d5a08b8f70e8d699
Messenger Data Analytics and AI Platform 개발,Success Korea,성남 분당구,https://kr.indeed.com/%EC%B1%84%EC%9A%A9%EB%B3%B4%EA%B8%B0?jk=98f1d7a579da7730
게임플랫폼 Server 개발,Success Korea,경기도 성남,https://kr.indeed.com/%EC%B1%84%EC%9A%A9%EB%B3%B4%EA%B8%B0?jk=a3f7e859f78c3856
IP/MPLS 개발자,Success Korea,성남 판교역,https://kr.indeed.com/%EC%B1%84%EC%9A%A9%EB%B3%B4%EA%B8%B0?jk=1798869dfd2c3014
Software Engineer in Test (SET),Success Korea,성남 분당구,https://kr.indeed.com/%EC%B1%84%EC%9A%A9%EB%B3%B4%EA%B8%B0?jk=4958c02183a2ccce
Media Delivery Server 개발,Success Korea,성남 분당구,https://kr.indeed.com/%EC%B1%84%EC%9A%A9%EB%B3%B4%EA%B8%B0?jk=dae2c7e9525b116a
메신저앱 Family OS Client 개발,Success Korea,성남 분당구,https://kr.indeed.com/%EC%B1%84%EC%9A%A9%EB%B3%B4%EA%B8%B0?jk=9e3160233e816836
"FinTech 보안, Abusing 분석 및 대응",Success Korea,성남 분당구,https://kr.indeed.com/%EC%B1%84%EC%9A%A9%EB%B3%B4%EA%B8%B0?jk=bf0a24270bcbe297
Fullstack SW개발자,신재생에너지 분야 솔루션기업,성남 판교역,https://kr.indeed.com/%EC%B1%84%EC%9A%A9%EB%B3%B4%EA%B8%B0?jk=a2089ff8a19a429f
Cloud Platfrorm 개발 및 운영,Success Korea,성남 분당구,https://kr.indeed.com/%EC%B1%84%EC%9A%A9%EB%B3%B4%EA%B8%B0?jk=71ecd14b3431ac40
Linux 서버 개발자,Success Korea,성남 판교역,https://kr.indeed.com/%EC%B1%84%EC%9A%A9%EB%B3%B4%EA%B8%B0?jk=fe69337a085bae5b
